id,rating_total,rating_label,full_text,llm_label,comment,match_rating_llm,label_check_note
1,1.2,negative,"Единственный плюс был, это работа из дома. Никуда с утра ехать не нужно, все домашние удобства под рукой. Пересмотреть мотивацию сотрудников, а также их обучение. Стать более лояльными к своим сотрудникам, особенно в трудные для них периоды. Ответ представителя компании Январь 2026",negative,"В тексте есть один плюс, но основной смысл — критика мотивации, обучения и отношения к сотрудникам.",да,совпадает
2,2.3,negative,"Мне очень нравилось что работа рядом с домом,но к сожалению график 1/3 это очень тяжело!К тому же отношения с руководителем немного испортились ! И здоровье подкачало из-за графика и из-за переживаний за мужа! Поменять руководителя и график работы ! Так как на кассовом центе в краснодаре объем работы очень большой людей в сменах на сутках где-то 2 человека и вечером в ночь приходит только 3 ночной кассир,а где-то по 3 человека и вечером приходит 4 кассир в ночь ! Соответственно за день кассиры устают которые суточные и ночью у них уже теряется внимание и концентрация ! Ответ представителя компании Апрель 2026",negative,"Основной акцент на тяжёлом графике, проблемах с руководителем, здоровьем и высокой нагрузке.",да,совпадает
3,2.8,negative,"График работы, возможность брать дополнительные выходные или выходить в дополнительные смены. Начать относиться к работающим по ГПХ как к людям. Не сокращать вознаграждение при растущей реальной инфляции в стране. Ответ представителя компании Январь 2026",negative,"Есть плюсы графика, но основная часть — критика отношения к ГПХ и снижения вознаграждения.",да,совпадает
4,4.5,positive,"Много возможностей для развития, хорошие условия труда и достаточно конкурентоспособная заработная плата Начиная с middle позиций есть ограничения в заработной плате, особенно если начинать со стажера, а не приходить с рынка Ответ представителя компании Январь 2026",positive,"В целом положительная оценка условий, развития и зарплаты; есть отдельное ограничение по росту оплаты.",да,совпадает
5,5.0,positive,"-хайповая ЗП, никаких потолков, только мой скилл, -офис дома, главное тишину обеспечить и ок, никого не касается как при этом выглядишь и во что одет, -крутой тим, коллеги не просто планктон, а такие же заряженные ребята как и я, было с кем обмениваться фишками, -статусно, как бы дальше жизнь ни сложилась, запись в резюме о том, что работал в таком банке, будет мне в плюс. Не все так просто с карьерным ростом, если чего то хочешь добиться, нужно не просто классно работать, а еще и не нарушать дисциплину, а я грешил опозданиями. Ответ представителя компании Февраль 2026",positive,"Преобладают положительные оценки зарплаты, удалёнки, команды и статуса компании; минус локальный.",да,совпадает
6,4.8,positive,"Коллектив попался отличный: от адаптации до выхода в боевую группу. Большинство молодые, руководительнице моей группы было около 25 лет. На всех этапах руководители поддерживали. На моей вакансии была возможность выходить на неполный день, что было очень удобно, но не учитывают местное время, но это было не сильно критично, т.к. у меня +2ч к мск. Выходные плавающие, на этой неделе могли поставить 4 рабочих дня, а на следующей 6 дней. Подарки на праздники, льготные продукты и сервисы банка, ДМС со стоматологией, добросервис, куда входят финансовые, юридические, психологические и ЗОЖ-консультации, которыми можно было пользоваться бесплатно. Часовая ставка хорошая, премия тоже, на неё влияешь прямым образом. Пока что самое лучшее место, где я работала. Некоторые клиенты неадекватные; Не учитывается местное время; По словам коллег - график 2/2 не соблюдается, его выстраивают по потребности на линии; Резко может измениться время начала смены, из-за чего график нужно проверять в начале дня и в конце. Из приложения приходит уведомление, что график работы изменён, но не всегда и может опоздать. Ответ представителя компании Январь 2026",positive,"Много сильных позитивных аспектов: коллектив, поддержка, льготы, премии; минусы по графику не меняют общий тон.",да,совпадает
7,5.0,positive,"-система оплаты труда, хороший оклад плюс мотивационная часть и приличный соцпакет, -комфортный офис и было удобно добираться от моего дома, -дружелюбные коллеги, -понятные задачи и реалистичный kpi, -полноценный ДМС со стоматологией и компенсация фитнеса. -меньше внимания уделять вопросам дисциплины, особенно что касается опозданий, сделать акцент на результате. Ответ представителя компании Март 2026",positive,"Преобладают положительные оценки оплаты, офиса, коллег, задач и ДМС; замечание про дисциплину вторично.",да,совпадает
8,2.8,negative,"1. Возможность работать удаленно, дома. 2. Хороший дружный коллектив, который в любой момент поможет. 3. Дружелюбное начальство.",positive,"Текст содержит только положительные пункты: удалёнка, коллектив и дружелюбное начальство.",нет,расхождение с рейтингом
9,4.8,positive,"Нереально крутой офис, великолепный условия для работы и отдыха. Динамичный, крутой коллектив. Интересные и разнообразные задачи Сильный бренд Нужно быть готовым к ненормированому рабочему дню, но этого никто и не скрывает при трудоустройстве, всё честно Ответ представителя компании Июнь 2026",positive,"Общий тон положительный: офис, условия, коллектив, задачи и бренд; переработки обозначены как ожидаемая специфика.",да,совпадает
10,4.0,positive,"Консультирую клиентов по различным вопросам - иногда попадаются сложные кейсы, тогда консультируюсь с более опытными коллегами - никто не оставляет наедине с проблемами. Коллектив, конечно, у нас отличный. Несмотря на то что работаю из дома, не чувствовал себя одиноко, без поддержки))) Иногда попадаются очень сложные клиенты, которые адекватных объяснений просто не понимают. Ответ представителя компании Март 2026",positive,Преобладают поддержка коллег и хороший коллектив; сложные клиенты описаны как отдельная трудность.,да,совпадает
11,5.0,positive,"Мне работа нравилась за отсутствие рутины. Плюс каждая успешная встреча это драйв. Платили всегда вовремя и через бот я отслеживал свою статистику. Регулировать доход научился быстро, тут все просто: чем больше дополнительных продуктов банка продал, тем больше на карту получил и никак иначе. В отличие от дистанционного консультанта, я должен был отвечать на все вопросы сходу, то есть полноценно владеть всем объемом информации по продуктам и услугам. До сих пор удивляюсь, как у меня тогда не стала квадратной голова. Ответ представителя компании Март 2026",positive,"Работа описана как интересная, с оплатой вовремя и понятной мотивацией; сложность информации вторична.",да,совпадает
12,4.3,positive,"Хорошее место для старта и набора опыта общения с людьми, навыкам продаж. Идеально для студентов. Хорошо для подработки. Погоня за показателями, убивает комфорт, стабильность, внутреннюю уверенность сотрудника. Делают упор на обучение новых, а не на сохранение старых. За последнее время сильно изменилось отношение к сотрудникам. Руководство делегирует важные рабочие моменты на низший руководящий состав, который не всегда бывает компетентен. Вследствие чего упускает, на мой взгляд, ключевые моменты взаимодействия с сотрудниками. Ответ представителя компании Март 2026",mixed,"Есть польза для старта и обучения, но много существенной критики показателей, стабильности и отношения к сотрудникам.",нет,шумная/смешанная тональность
13,2.7,negative,"Крутой коллектив ! Появились друзья на работе с которыми есть желание общаться и в не работы ! Много амбициозных и выполнимых задач. Совет всем кто читает ! Не увольняйтесь до выплаты квартальной премии , ато ее на заплатят . Даже если ты отработал полный квартал ( как я весь 1) и уволишься за несколько недель до выплаты премии , то тебе ее не заплатят. Выводы делайте сами Полезный отзыв Это полезный отзыв 1 Ссылка на отзыв Этот отзыв без ответа Ответить от лица компании Москва, Май 2026",mixed,Сильные плюсы коллектива и задач сочетаются с серьёзной критикой невыплаты квартальной премии.,нет,шумная/смешанная тональность
14,4.0,positive,"Неплохо работалось. Понятные задачи, честно платили и главное коллектив. Такой классный народ, первое время все никак не мог привыкнуть, что абсолютно нет конкуренции. Меня сразу очень тепло приняли в команду, даже не понял сам, как адаптировался и со всеми подружился. В реале, конечно редко доводилось видеться, но зато заочно регулярно что-то мутили. Работа сопряжена с непосредственным общением с клиентами, то есть лицом к лицу и не менее 15 встреч в день. Я от этого подвыгорел за 3 года. Ответ представителя компании Май 2026",mixed,"Много позитивного про задачи и коллектив, но в конце значимый негатив — выгорание из-за большого числа встреч.",нет,шумная/смешанная тональность
15,1.8,negative,"Есть интересные бенефиты для сотрудников (обеды, хороший ДМС). Есть гибридный формат работы Процессы в компании нуждаются в структурировании и улучшении. Не всегда понятно кто за что отвечает Ответ представителя компании Май 2026",mixed,"Есть бенефиты и гибридный формат, но также критика процессов и неясного распределения ответственности.",нет,шумная/смешанная тональность
16,4.7,positive,"Понравилась сама работа, прозрачные условия труда, выполнения обещаний руководством. KPI присутствует, но адекватный. График кому как, но для меня был удобный Уровень оплаты труда. По сравнению с другими банками, зп мизерная, учитывая то, что речь идет об одним из топовых банков Ответ представителя компании Апрель 2026",mixed,Положительные условия и адекватный KPI сочетаются с сильной критикой низкой оплаты.,нет,шумная/смешанная тональность
17,2.8,negative,"Во времена, когда я работал, офис был в хорошем состоянии. Зарплата приходила вовремя. Да в общем все остальное: отношение к сотрудникам, рабочие места, оценку эффективности работы и т.д. Ответ представителя компании Март 2026",negative,"После кратких плюсов автор обобщённо критикует отношение к сотрудникам, рабочие места и оценку эффективности.",да,совпадает
18,2.7,negative,"Хороший современный офис, оборудованная столовая, постоянная поддерживаемая идеальная чистота. Улучшить отношение к своим сотрудникам. Ставить их выше неадекватных клиентов и платить достойную зарплату. Ответ представителя компании Апрель 2026",negative,"Плюсы офиса есть, но основной смысл — критика отношения к сотрудникам и зарплаты.",да,совпадает
19,4.7,positive,"Удаленный режим работы, письменные обращения, возможность помогать клиентам посредством чата Увеличить окладную часть и время ответа на чаты, дать возможность постоянных подработок в удобное для сотрудника время Ответ представителя компании Март 2026",mixed,"Есть плюсы удалёнки и содержания работы, но выражены важные пожелания по оплате, времени ответа и подработкам.",нет,шумная/смешанная тональность
20,5.0,positive,"- стабильность и хороший доход, был оформлен записью в трудовую с первого дня, выплаты заработной платы не задерживали, -понятный объем задач и отсутствие несвойственных функций, -масштабное обучение, в том числе освоил работу с интонацией, убедительностью и аргументацией, -здоровая атмосфера и приятный коллектив, общение с коллегами строилось на взаимном уважении деловом подходе, -хорошие условия медицинского страхования, стоматология тоже была предусмотрена. -сложно не погружаться эмоционально в ситуацию клиента, -имеет смысл предлагать на выбор бонусы от банка или денежную компенсацию, если не пользуешься. Ответ представителя компании Февраль 2026",positive,"Преобладают стабильность, доход, обучение, атмосфера, коллектив и ДМС; минусы сформулированы как улучшения.",да,совпадает
21,2.3,negative,"Изначально в компании все было очень хорошо , былт много подработок ,был хороший уровень зарплаты, потом набрали 800 человек народу, произошло перенаимпновании компании ,работы стало мало ,зарплату сокращали 3 раза ,ухудшали уровень зароботка задавливая коэффициентами скорости и качества ,и в один момент просто распрощались с людьми уволив поочередно и внеся в черный список ,уровень дохода упал ,варьируется от 30 до 50 тысяч ,ранее зарабатывали от 100 тыс Поменять руководство, вернуть уровень зарплат, не относится к людям как к стаду который не имеет своего слова Ответ представителя компании Май 2026",negative,"Текст описывает резкое ухудшение зарплаты, условий и отношения к людям.",да,совпадает
22,2.7,negative,"Рабочий график, есть выбор, перерыв в любое время, удобный перевод между подразделениями Зарплата, оплата больничных, больше обучений и поддержки от руководства. Лояльность Ответ представителя компании Март 2026",mixed,"Есть плюсы графика и переводов, но также критика зарплаты, больничных, обучения и поддержки.",нет,шумная/смешанная тональность
23,4.3,positive,"Хороший стабильный график,отличная система обучения новых сотрудников,внутренний портал для развития сотрудника внутри компании. Не могу пожаловаться на что то конкретное,сменил работу т.к было далеко от дома и хотелось быть чаще дома по времени Ответ представителя компании Апрель 2026",positive,"Общий тон положительный: график, обучение, развитие; уход связан скорее с расстоянием до дома.",да,совпадает
24,4.0,positive,"гибкий график, за день можно между встречами отдыхать, можно договориться с руководством, хорошая зп приходится перерабатывать, работа разъездная, приходится за день проходить от 20 до 30 тыс шагов Полезный отзыв Это полезный отзыв 2 Ссылка на отзыв Этот отзыв без ответа Ответить от лица компании Тольятти, Май 2026",mixed,"Плюсы графика и зарплаты сочетаются с переработками, разъездным характером и физической нагрузкой.",нет,шумная/смешанная тональность
25,2.7,negative,"Возможность самому влиять на уровень дохода. Изучение нового в сфере продаж. «Свободный» график Слишком много работников в сфере доставки продуктов Т-банка. Что напрямую влияет на уровень дохода. При занятости весь день доход может оставаться в районе 2000-3000. Полезный отзыв Это полезный отзыв 3 Ссылка на отзыв Этот отзыв без ответа Ответить от лица компании Москва, Май 2026",mixed,"Есть плюсы дохода и навыков продаж, но существенная проблема — низкий доход из-за перенасыщения работников.",нет,шумная/смешанная тональность
26,5.0,positive,"Свобода выбора графика, возможность работы из дома, наставничество, регулярные обучения для повышения уровня ЗП зависит от количества заявок, которые ты оформил. Те, если не сделал план, максимум получишь 6000 руб. Хотелось чтоб все же минимум был МРОТ Полезный отзыв Это полезный отзыв 0 Ссылка на отзыв Этот отзыв без ответа Ответить от лица компании Москва, Май 2026",mixed,"Плюсы графика, удалёнки и обучения сочетаются с проблемой отсутствия гарантированного минимального дохода.",нет,шумная/смешанная тональность
27,5.0,positive,"Устроилась в банк без опыта. Научилась всему за месяц. Огромное спасибо наставнику за помощь, да и всей команде в целом. Обучение неделю всего было, много училась уже в дальнейшем. Рада, что все получилось, потому что сейчас комфортно работать. Все получается. Уже давно не реагирую на негатив от отдельных клиентов. Работаю в удобном для себя графике и неплохо зарабатываю. Можно всегда больше платить, я не думаю, что есть люди, которые будут отказываться. В остальном я проблем пока не вижу. Ответ представителя компании Февраль 2026",positive,"Текст в целом положительный: обучение, наставник, команда, комфортный график и заработок.",да,совпадает
28,2.7,negative,"В целом ребята все неплохие. Когда устраиваешься все подготовят сами, неплохая система обучения. Условия труда, отношение к работнику. Внутреннюю атмосферу, культивация мата в коллективе это лютый треш. Ответ представителя компании Март 2026",negative,"После кратких плюсов основная часть содержит резкую критику условий, отношения и внутренней атмосферы.",да,совпадает
29,4.7,positive,"Хорошая инженерная культура. Отношение к отрудникам и соц пакет. Отличный офис на Белорусской Итак все нормально. Компания достаточно делает для своих сотрудников, улучшать нечего Ответ представителя компании Май 2026",positive,"Положительная оценка инженерной культуры, отношения, соцпакета и офиса; улучшать, по мнению автора, нечего.",да,совпадает
30,1.3,negative,"Слишком много обязанностей, не связанных с должностью, нечего больше добавить. Компания экономит. Обязанности, взваливаемые на роль ""Руководитель группы разработки"" должны разделяться как минимум натри отдельные должности. Компания экономит. Полезный отзыв Это полезный отзыв 6 Ссылка на отзыв Этот отзыв без ответа Ответить от лица компании Москва, Май 2026",negative,Текст полностью сфокусирован на чрезмерных обязанностях и экономии компании.,да,совпадает
31,4.0,positive,"Быстрое трудоустройство и не затянут период первоначального обучения. Сама по себе работа достаточно интересная, но сложная. Помочь человеку выпутаться из долгов та еще задачка. Самые приятные воспоминания у меня связаны с коллективом, отлично общались даже дистанционно, а при очень встречах так и вовсе зажигали на ура. Со стороны нанимателя не было инициативы по сплочению команды, а очень бы не помешали выездные праздники, челленджи и корпоративы. Ответ представителя компании Апрель 2026",positive,"Преобладают интересная работа, быстрое трудоустройство и хороший коллектив; минус про сплочение команды вторичен.",да,совпадает
32,5.0,positive,"Проработал в отделе взыскания Т банка 3 года и очень рад, что у меня был в карьере такой этап. Прежде всего сама возможность ссылаться в резюме на работу здесь - однозначный плюс, а кроме этого, удалось приобрести много полезных навыков. В частности я виртуозно научился управлять собственным голосом, раньше даже не подозревал, что это настолько влияет на убедительность. Работать с взысканием задолженности и не пропускать негатив через себя практически невозможно, очень устал от печальных историй клиентов. Ответ представителя компании Май 2026",mixed,"Автор рад опыту и навыкам, но отмечает сильную эмоциональную усталость от работы с клиентами.",нет,шумная/смешанная тональность
33,2.2,negative,"1.Грфик работы выбираешь сам но где и сколько работать не всегда можно выбрать,иногда меняют регион оказания услуг без согласования. 1.Распределение количества встреч,планы продаж, компенсация топлива, депонирования, работа до 23 ночи. Ответ представителя компании Март 2026",negative,"Основной смысл — проблемы с распределением встреч, планами, компенсацией топлива и поздней работой.",да,совпадает
34,4.5,positive,"Свободный выбор графика, удобство в удалённом формате, отличные наставники и куратор группы. Развитие и карьерный рост. Улучшить можно было бы систему оценок, повысить доход за время на линии и добавить мотиваций в функционал. Ответ представителя компании Март 2026",mixed,"Есть много плюсов: график, удалёнка, наставники, рост; одновременно важны претензии к оценке и оплате.",нет,шумная/смешанная тональность
35,1.3,negative,"Выплаты и гсм приходят отдельно. Сам выбираешь рабочие дни. Обучение легкое и понятное 1300р в день это очень мало. Мало дают встреч. Часто по 2 визита в день. Очень большой километраж в день - дают одни сёла и деревни, далеко от города Ответ представителя компании Март 2026",negative,"Плюсы есть, но основной акцент на низкой оплате, малом числе встреч и большом километраже.",да,совпадает
36,5.0,positive,"В принципе норм было, много ездила, каждый день по несколько десятков встреч это интересно, когда только пришла на эту работу, я стеснялась разговаривать с незнакомыми людьми, сейчас же подойду к кому хочу и спрошу что хочу, без сомнений и стеснения, и каждый человек по-своему может раскрыться в общении, нужно грамотно вести беседу, но темп работы слишком быстрый лично для меня., поэтому решила уйти на офисную работу, на которой пригодились все умения приобритенные на должности представителя. Глобально ничего, наверное но для меня постоянные разъезды оказались сложными, перебралась в офис. Ответ представителя компании Март 2026",mixed,"Автор признаёт пользу опыта, но ушёл из-за слишком быстрого темпа и сложности постоянных разъездов.",нет,шумная/смешанная тональность
37,2.0,negative,"Стабильный график, стабильная , но маленькая зарплата , ДМС ,дополнительный отпуск за переработки Все можно улучшить , для начала повысить сотрудникам заработную плату , и нормально ее структурировать , а то сегодня премия есть а завтра нет Ответ представителя компании Февраль 2026",negative,"Несмотря на стабильность и ДМС, главный акцент — низкая и нестабильная зарплата.",да,совпадает
38,2.5,negative,Практически всегд найдешь хороший коллектив Разъездной характер работы Общение с новыми людьми Более менее выбор графика Выплата вознаграждения без задержек Распределение встреч не умелое Компенсация ГСМ низкое Много и дорогие штрафы Отправление по принуждению в другой регион работы Изменения графика работы Высокие требования к продажам Ответ представителя компании Май 2026,negative,"Много плюсов перечислено, но список проблем значительно сильнее: штрафы, ГСМ, график, требования к продажам.",да,совпадает
39,5.0,positive,"Дружная команда, понимающий и чуткий руководитель. Достойная зарплата, возможность влиять на процессы Существует разобщенность между отдельным кросс командами, некоторые команды существуют в собственном ""мире"" Ответ представителя компании Май 2026",positive,"Преобладает положительный тон: команда, руководитель, зарплата и влияние на процессы; минус локальный.",да,совпадает
40,5.0,positive,"Отличный работодатель как для старта карьеры, так и для сильных экспертов. Постоянно драйвит высокий уровень технологичности. Коллектив гибкий, молодой и талантливый, большинство процессов хорошо отлажено. Можно работать с уникальными продуктами, которым сложно придумать конкуренцию. Всё вместе создаёт крутую атмосферу и большое пространство для роста. У Т-Банка множество продуктов и ещё больше внутренних технологий, поэтому иногда возникает путаница в зонах ответственности, даже если доработки небольшие, от чего возникает перебор с количеством встреч и разных уточнений. Полезный отзыв Это полезный отзыв 0 Ссылка на отзыв Этот отзыв без ответа Ответить от лица компании Санкт-Петербург, Май 2026",positive,"Очень положительная оценка работодателя, технологий, коллектива и пространства для роста; есть частная проблема зон ответственности.",да,совпадает
41,4.7,positive,- Уровень дохода - Хорошие коллеги и руководители - Бесплатное питание - ДМС со стоматологией - Возможность удаленной работы - Шикарные офисы - Трансфер до офиса - Хороший Work life balance - Уровень бюрократии - Выделять больше денег на обед - Индексация зарплаты соразмерно инфляции Ответ представителя компании Апрель 2026,positive,"Много плюсов по доходу, коллегам, ДМС, офису и балансу; замечания сформулированы как улучшения.",да,совпадает
42,4.0,positive,"1.Зарабатывал хорошие деньги и доказал отцу, что и без высшего образования, добиться можно много. 2.Здорово прокачал мозги, научился разбираться в финансовых вопросах и грамотно обращаться с деньгами. 3.Обрел настоящих друзей, коллектив в банке топовый. 1.Увеличить разбежку между встречами. 2.Предоставить представителю безлимит на топливо. 3.Выделять деньги на кофе-брейк и обед, чтобы питание в течение дня было за счет банка. Ответ представителя компании Май 2026",positive,"Положительный тон: доход, навыки, друзья; пожелания по топливу и питанию не доминируют.",да,совпадает
43,4.7,positive,"Стабильные выплаты, обучения за счет работодателя, возможность перехода на вакансии внутри компании, хорошая заработная плата, и относительно быстрое повышение в должности( все зависит от тебя). Руководители и сотрудники всегда отзывчивые и дружелюбные. Большой плюс официального трудоустройства, оплачиваемые больничные. Было бы хорошо пересмотреть аналитику, так как не всегда она работает в плюс сотрудникам. Ответ представителя компании Апрель 2026",positive,"Преобладают стабильные выплаты, обучение, рост, зарплата, трудоустройство и поддержка руководителей.",да,совпадает
44,2.7,negative,"Удаленная работа, добровольное медицинское страхование (ДМС), современная корпоративная культура. Увеличить заработную плату, пересмотреть мотивацию, учитывать пожелания по графику работы. Ответ представителя компании Май 2026",mixed,"Есть плюсы удалёнки, ДМС и культуры, но ключевые пожелания касаются зарплаты, мотивации и графика.",нет,шумная/смешанная тональность
45,4.5,positive,"Удобный график, работа удаленная, хорошая коммуникация сотрудников и вышестоящих. Зп сильно колебалась вне зависимости от сотрудников, но это было в 2024 году. Жить на тот момент с зп 20-25 т. было тяжело Ответ представителя компании Январь 2026",mixed,"Есть плюсы графика, удалёнки и коммуникации, но проблема низкой и нестабильной зарплаты существенная.",нет,шумная/смешанная тональность
46,5.0,positive,"Не жалею, что сразу после школы не стал поступать в универ, а на 3 года завис здесь. Я разобрался в самом себе, в людях и окружающем мире. Понял, что юриспруденция - это вообще ни разу не мое, поступил учиться на менеджера. Совмещать заочку с работой не захотел, выбрал дневную форму обучения. Накопленных здесь знаний и опыта мне хватает, чтобы сейчас гораздо лучше усваивать учебный материал и неплохо проявить себя на стажировке. Отсутствие многих полезных бонусов, вроде ДМС, компенсации фитнеса, бесплатного питания…все это положительно сказалось бы на моей эффективности. Ответ представителя компании Май 2026",positive,Автор положительно оценивает полученный опыт и влияние работы на дальнейшую карьеру; минусы про бонусы вторичны.,да,совпадает
47,2.8,negative,"Открытые люди, общение на ты, всегда помогут и подскажут, что и как. Если что-то не знаешь или не понимаешь всегда можно уточнить на линии в реальном времени Сделать возможность роста более гибким. Можно повыситься до ""старшего"" Оператора кол центра, но дальше возможности практически нет Ответ представителя компании Март 2026",mixed,"Сильный плюс — поддержка людей, но значимый минус — почти отсутствующий карьерный рост.",нет,шумная/смешанная тональность
48,5.0,positive,"Было хорошее обучение. Первое время ездил на встречи с более опытным сотрудником, который подсказывал, помогал, после встреч обязательно разбирали, что можно было сделать лучше. Вышел самостоятельно, когда был готов. Дополнительные продажи шли неплохо, за счет чего зарплата была высокой. Платили всегда без задержек. Уставал от общения, половину встреч еще энтузиазма хватало на максимум отработать, а потом моя социальная батарейка садилась. Ответ представителя компании Февраль 2026",positive,"Общий тон положительный: обучение, наставник, высокая зарплата; усталость от общения описана как специфика.",да,совпадает
49,2.8,negative,"Возможность работать из дома Коллектив Руководитель ДМС Постоянная смена регламента Низкая мотивация Жесткий уровень оценки, нужно быть роботом, чтобы заработать премию Пожелания к графику учитываться стали все реже Нельзя взять отгул за свой счет, при форс мажорах Полезный отзыв Это полезный отзыв 6 Ссылка на отзыв Этот отзыв без ответа Ответить от лица компании Москва, Май 2026",negative,"Несмотря на плюсы удалёнки, коллектива и ДМС, основной тон критический: регламенты, низкая мотивация, жёсткая оценка, график.",да,совпадает
50,4.0,positive,"Интересная работа, без переработок и непонятных требований. Все достаточно размеренно и спокойно. Свои обязанности выполняю, находясь дома, но я не сама по себе и в случае возникновения затруднений, есть куда обратиться за помощью. Команда всегда рядом хоть и дистанционно, причем настолько классные ребята здесь, что помимо рабочих моментов еще и просто так болтать в свободное время есть желание. Я бы хотела больше свободы в плане организации моего рабочего процесса. К примеру не вижу ничего плохого, чтобы фоном играла музыка или шел какой-то подкаст. На эффективность обслуживания клиентов - это никак не повлияет, а мне будет психологически комфортней. Ответ представителя компании Апрель 2026",positive,"Преобладает положительное описание спокойной работы, поддержки и команды; пожелание по свободе вторично.",да,совпадает
51,5.0,positive,"Работал из дома и график был адекватным. Не 24 на 7 точно , так что особо не выматывался. Эмоциональной гигиене меня тоже сразу обучили и коллеги лайфхаками щедро делились, как через себя не пропускать чужие проблемы, так что не могу сказать, что особо стрессовал. Зарабатывал прилично, помимо премиальных были приличные бонусы, среди которых ДМС и компенсация фитнеса. Больше выгод предусмотреть для сотрудников банка стоило бы, в частности льготы на оформление продуктов точно можно расширить. Ответ представителя компании Январь 2026",positive,"Положительно описаны удалёнка, график, обучение эмоциональной гигиене, доход и бонусы.",да,совпадает
52,4.2,positive,"Да теперь особо ничего...очень и очень разочарована тем что грубо говоря сказали либо иди на горячую линию,либо бери отпуск за свой счёт (увольнение в общем) Совет по улучшению,это сохранять рабочие места после выхода с декретного отпуска ,либо же предоставлять аналогичные должности,а не ГОРЯЧУЮ ЛИНИЮ С ЧАТАМИ И ВИДЕОЗВОНКАМИ,как это произошло у меня Ответ представителя компании Январь 2026",negative,Текст почти полностью выражает разочарование и критику ситуации после декрета.,нет,расхождение с рейтингом
53,4.0,positive,"Боялась, что работа будет сопряжена с негативом, все-таки отдел взыскания. Однако с таким не столкнулась. Во многом потому, что работала с клиентами, у которых задолженность только начала формироваться и с ними явно проще иметь дело, чем с поздними должниками. Кроме того, я прошла обучение, которая мне помогло быть убедительной, аргументировать свою позицию и достигать результат в виде хотя бы обещания погасить задолженность. Хотелось в офисе большей приватности, предпочла бы работать из отдельного кабинета. Ответ представителя компании Январь 2026",positive,"В целом положительная оценка обучения, опыта и отсутствия сильного негатива; пожелание по приватности локальное.",да,совпадает
54,4.8,positive,"Забота о сотрудниках, подарки к новому году, ДМС, страхование жизни и здоровья, удобное расположение офиса, безлимитный чай кофе печенье фрукты Все устраивает. Очень строгая пропускная система, хотя для банка так положено Полезный отзыв Это полезный отзыв 0 Ссылка на отзыв Этот отзыв без ответа Ответить от лица компании Москва, Июнь 2026",positive,"Преобладают забота, подарки, ДМС, офис и питание; строгая пропускная система не меняет общий тон.",да,совпадает
55,5.0,positive,"За те два года, что работала менеджером по продажам в Т-банке, очень неплохо прокачала навыки по общению с людьми, по презентациям разных продуктов, по работе с проблемными клиентами. На начальных этапах работы с клиентами в Т-банке мне было непросто: но по мере опыта эффективность моих действий увеличивалась. Сейчас, когда решила сменить работу, опыт продаж в Т-банке сыграл мне на руку - такие сотрудники, как оказывается, многим нужны. Высокая нагрузка - особенно сложно было первое время, потом, конечно, уже привыкла, но не все новички справляются. Ответ представителя компании Февраль 2026",positive,Автор положительно оценивает приобретённые навыки и карьерную пользу опыта; нагрузка отмечена как сложность.,да,совпадает
56,2.7,negative,"Сейчас ничего. Условия труда только ухудшаются, нормативов и целей всё больше, но не роста оплаты. Активная работа и сплочение коллектива вместо видимости работы и заядлой попытки натянуть цифры на глобус. Ответ представителя компании Январь 2026",negative,"Текст прямо говорит об ухудшении условий, росте нормативов и отсутствии роста оплаты.",да,совпадает
57,5.0,positive,"Выяснилось что удаленный формат работы это вообще не мое. Мне сложно настроится на рабочий лад сидя дома, и про эту проблему я вообще не думала когда сюда устраивалась. Ушла в офис, мне гораздо проще здесь сосредоточится и сразу вышла на больший уровень дохода. Но для тех кто хочет работать дома это очень хороший вариант: есть качественное обучение, скрипты в помощь, есть наставник на первое время который помогает. Зарплату платят без задержек - ее величина зависит от эффективности работы. удаленный формат работы оказался для меня не лучшим вариантом. Ответ представителя компании Март 2026",mixed,"Для автора удалёнка оказалась неподходящей, но сама работа и условия для других описаны положительно.",нет,шумная/смешанная тональность
58,2.3,negative,"Хорошие обучающие материалы, полезные приобретенные навыки в сфере банкинга и работы с клиентами. Крайне низкий уровень заработка, слишком быстрое внедрение в новые процессы(изучение всех продуктов банка в кратчайшие сроки) Очень непрозрачный уровень оценки качества вашей работы, который придется постоянно оспаривать Повышенный фактор стресса Изменение графика работы каждую неделю Ответ представителя компании Май 2026",negative,"Есть польза обучения, но доминируют низкий заработок, непрозрачная оценка, стресс и изменение графика.",да,совпадает
59,5.0,positive,"Мне работа идеально подходит на самом деле. Клиенты - бизнес, мне всегда предпринимательство интересно было. А это как возможность познакомиться со всей внутрянкой, погрузиться в процессы. Плюс серьезные и конструктивные люди в основном, минимум пустого негатива, приятно с ними общаться. По зп, по условиям в целом тоже устраивает. Пока жаловаться не на что особо. Поднять зп, это самое главное из того, что всегда и в любой ситуации можно улучшить.",positive,"Работа описана как подходящая, интересная, с хорошими условиями и минимумом негатива.",да,совпадает
60,2.7,negative,"Зарплату платят без задержек, работа не выходя из дома, дают небольшой перерыв,который можно разбить на несколько маленьких. Отношение между руководителями и подчинёнными, уменьшить штрафы, увеличить зарплату, улучшить качество обучения. Ответ представителя компании Февраль 2026",negative,"Есть отдельные плюсы, но основной смысл — проблемы отношений, штрафов, зарплаты и обучения.",да,совпадает
61,1.5,negative,"Свободный график, каждую неделю зп и на этом все. Заработную плату, компенсацию расходов на эту работу, график адекватный, ну и хотя бы платили не как в доставке яндекс еда, еще убрали штрафы некчемные, из за штрафов просто в минус работаешь. Ответ представителя компании Январь 2026",negative,"Главный акцент на низкой оплате, расходах, штрафах и работе в минус.",да,совпадает
62,2.2,negative,"Раньше это была лучшая работа с высоким доходом. Сейчас же это дно, простите. Штрафы буквально за все, рейтинги, зарплата уменьшенная в 2 раза Убрать рейтинг, штрафы. Оплачивать отпуск. Сократить график работы, чтобы был не до 22 Ответ представителя компании Март 2026",negative,"Текст резко негативный: раньше было хорошо, сейчас штрафы, рейтинги и снижение зарплаты.",да,совпадает
63,2.8,negative,"Это удалённый формат, на обучении все было хорошо. Ребята все понятно объясняются. Коммуникация, ни кто ни чего не знает. Все после трудоустройства, и ты как слепой котёнок. На обучении информация, по трудоустройства была она. Перейдя на практику, оказалось всё по другому. Ответ представителя компании Март 2026",negative,После кратких плюсов обучения основной акцент на плохой коммуникации и несоответствии обучения практике.,да,совпадает
64,4.0,positive,"Удаленная работа, возможность развития, обучение, плюшки для сотрудников, ДМС, оплачиваемых отпуск, зоны отдыха и многое другое Коммуникация между сотрудниками. В основном, дело было в коллективе и график хотелось бы 2/2 Ответ представителя компании Март 2026",mixed,"Много позитивных условий, но есть заметные проблемы коммуникации, коллектива и графика.",нет,шумная/смешанная тональность
65,2.8,negative,"Стабильная ЗП, социальный пакет, условно-гибкий график. Комфортные условия для работы. Отношение к сотрудникам. Сейчас это пушечное мясо, на которое всем плевать. Одним словом - мясорубка. Ответ представителя компании Март 2026",negative,"Несмотря на стабильную зарплату и условия, основной тон резко негативный об отношении к сотрудникам.",да,совпадает
66,1.7,negative,Возможность удаленной работы. Неплохое обучение. Большинство учителей позитивно настроены. Постоянные технические проблемы. Примерно половина учебного времени тратится на устранение технических проблем. Например группа 100 человек полчаса ждёт когда спикер решает проблему с аккаунтом одного ученика. Ответ представителя компании Март 2026,negative,"Есть плюсы удалёнки и обучения, но основной акцент на постоянных технических проблемах.",да,совпадает
67,4.5,positive,"Обучают, помогают, наставляют и все объясняют прозрачно. Не бросают в трудную минуту. Приложение, и более четкую систему оплаты труда и все остального. Ну и нормально расположение клиентов, а то один клиент в 10 в одном конце города, а другой в 11 утра на другом конце. Ответ представителя компании Январь 2026",mixed,"Положительная оценка обучения и поддержки сочетается с проблемами приложения, оплаты и логистики клиентов.",нет,шумная/смешанная тональность
68,1.7,negative,"График удобный, зона для работы комфортная. Всё необходимое под рукой, ничего не отвлекает. Карьерный рост здесь зависит не от навыков, а от близости к руководству. Ценится умение вовремя доложить, а не профессионализм. В руководящем составе личные отношения явно преобладают над профессиональными. Создаётся впечатление, что должности распределяются по принципу близости, а не компетенций. Ответ представителя компании Март 2026",negative,"Основной смысл — критика карьерного роста, руководства и распределения должностей по личным отношениям.",да,совпадает
69,2.8,negative,"Ни чего не нравится в работадателе , только куратор , который всегда был на связи и отвечал на все вопросы в любое время. Я рад , что получил для себя опыт , как не должна работать компания. Все можно было бы улучшить. Систему распределения заявок по территориям , чтобы не мотаться киллометрами по городу в режиме пещего курьера , оплата за каждую выполненную заявку , пересмотреть некоторые штрафы и воьще убрать прослушку , а то чувствуешь себя как агент фбр на встречах. Система обучения непонятная , отмутствует практика во время обучения , которая есть у Альфабанка. Ваша компания выигрывает у альфабанка только по интерфейсу приложения и все.... Ответ представителя компании Апрель 2026",negative,"Текст резко негативный: не нравится работодатель, проблемы заявок, штрафов, обучения и контроля.",да,совпадает
70,2.0,negative,"Крупная, известная компания. Удаленный формат работы. Обучение. Относительно не сложная работа. Все. Уровень заработка, ЗП заниженная в сравнении с вакансией, стабильность, скорость ответов техподдержки. Ответ представителя компании Июнь 2026",negative,"Плюсы компании и удалёнки есть, но основной акцент на низкой зарплате, нестабильности и техподдержке.",да,совпадает
71,1.5,negative,"Ничего хорошего, условия только хуже и хуже, на уступки не идут, человеческий фактор не учитывают, жизненные ситуации бывают разные, потеряла работу из-за руководства Коллектив, зарплату, условия труда, отношение руководства к сотрудникам Ответ представителя компании Январь 2026",negative,"Автор прямо пишет, что условия ухудшаются и работа потеряна из-за руководства.",да,совпадает
72,5.0,positive,"Удобный график, платят всегда вовремя. Обучение качественное, после него фактически готова была к работе и сразу начала работать без косяков. Зарплата неплохая, еще и нормальная премия, на которую можно влиять. Не хватает живого общения с коллегами. Мне кажется, что даже при удаленке это во всех городах можно организовать. Ответ представителя компании Март 2026",positive,"Положительно описаны график, оплата, обучение, зарплата и премия; не хватает только живого общения.",да,совпадает
73,1.3,negative,"Свободный график. Возможность выбирать рабочие дни . на этом плюсы заканчиваются Менеджер по адаптации - подставляет своих подопечных по полной. Обучение сомнительное.. При возникновении спорных вопросов, сами менеджеры не могут твёрдо дать ответ. Путаются, потому что в обучении очень все размыто. Особенно не проработана часть , касающаяся, обслуживания нерезидентов. Нет никакой связи между теми сотрудниками, которые договариваются о встрече по выдаче карт и теми, кто из привозит. Бывало, что у кл к5та паспорт просрочен, и он об этом предупреждал, но встречу ему назначили, а представителю, который приехал на эту встречу, заказ не оплатили, потому как без действующего паспорта ничего сделать нельзя Ответ представителя компании Март 2026",negative,"После краткого плюса свободного графика идёт подробная критика адаптации, обучения и процессов.",да,совпадает
74,5.0,positive,"Конечно, изначально смущал момент, что зарплата по большей части зависит от продаж, но у меня быстро начало хорошо получаться и уже со второго месяца мой доход меня уже полностью устраивал. Немного неудобно то, что никогда не знаешь, сколько у тебя точно выйдет в следующем месяце, но через чат-бота можно было отслеживать свои показатели и понимать примерную сумму. Зарплату не задерживали ни разу - выплачивали все четко, здесь придраться не к чему. Схема оплата топлива мне не нравилась, хотелось бы большей прозрачности в этом смысле (но для тех, кто хорошо зарабатывал представительством, это проблемой не было)",positive,"Общий тон положительный: доход устроил, зарплату не задерживали; прозрачность топлива — локальная проблема.",да,совпадает
75,1.7,negative,"Своевременная оплата труда, стабильный уровень дохода, сменный график, коллектив , но в последнее время подбирают не совсем адекватных людей Полная замена руководства, а точнее его оптимизация. Большое количество руководителей никак не способствующих выстраиванию процесов. Двое новых руководителей из Озона, которые превращают склад внутреннего потребления банка еще в один Озон с количеством пиков, прямой сигнал уходить из компаний, ни к чему хорошему. Ответ представителя компании Март 2026",negative,"Несмотря на своевременную оплату и график, основной тон — критика руководства и процессов.",да,совпадает
76,2.3,negative,График и онлайн формат и на этом по сути как бы все что есть в плюсах больше не добавлю с их зп только плакать и можно денег в Москве хватит только на покушать и на этом по сути все Ответ представителя компании Апрель 2026,negative,"Плюсы ограничены графиком и онлайн-форматом, основной смысл — очень низкая зарплата.",да,совпадает
77,2.2,negative,"дают выходные когда они не нужны, ты выходишь по своему графику и просто ждешь задач, это время тебе не оплачивают дать возможность зарабатывать, возможность для развития, а не условных переходов без повышения оплаты и договора Ответ представителя компании Февраль 2026",negative,"Текст описывает неоплачиваемое ожидание задач, отсутствие развития и низкий заработок.",да,совпадает
78,5.0,positive,"У меня есть определенные ограничения по здоровью, поэтому изначально искал сидячую работу. Из всех вакансий, что я нашел, оператор колл-центра в Т-банке оплачивалась лучше всех. Проработал здесь год - могу сказать только хорошее: график удобный, в течение дня перерывы можно делать, зарплату не задерживали. Да в целом все было нормально. Иногда попадаются не настроенные на общение клиенты, но это общая специфика работы с людьми. Ответ представителя компании Февраль 2026",positive,"Автор пишет только хорошее о графике, перерывах, зарплате и общей нормальности работы.",да,совпадает
79,1.2,negative,"удаленная работа, митапы в Москве с проездом и проживанием за счет работодателя. работа по ГПХ, отсутствие карьерного роста - продвигают своих друзей на должности, начальство слабее сотрудников по уровню образования и интеллекта. Ответ представителя компании Апрель 2026",negative,"Плюсы удалёнки и митапов есть, но основной акцент на ГПХ, отсутствии роста и проблемах руководства.",да,совпадает
80,2.7,negative,"Свобода выборе графика под себя, удалённый формат. Очень отзывчивый руководитель. Систему мотивации, увеличить оплату труда. Слегка упростить дедлайны и оформлять сотрудников не по ГПХ а по ТК РФ. Ответ представителя компании Январь 2026",mixed,"Есть сильные плюсы свободы, удалёнки и руководителя, но также важные проблемы мотивации, оплаты и оформления.",нет,шумная/смешанная тональность
81,2.7,negative,"Единственное, что понравилось это мой руководитель. Такой прекрасный человек, всегда помогал, если что то непонятно, помогал в адаптации",positive,Текст содержит только положительное описание руководителя и помощи в адаптации.,нет,расхождение с рейтингом
82,1.8,negative,"Вознаграждение достойное График удобный и разъездной характер работы, можно самому выставлять графи к Руководство нужно сменить, расторгают за один день без объяснения причин. Есть подозрения увольнение основанных на национальном признаке Не ценят рабочий труд и самих работников Полезный отзыв Это полезный отзыв 2 Ссылка на отзыв Этот отзыв без ответа Ответить от лица компании Июнь 2026",negative,"Несмотря на достойное вознаграждение и график, основная часть резко критикует руководство и отношение к работникам.",да,совпадает
83,4.3,positive,"Хоть работа была удалённая, но чувствовался командный дух. Заработная плата всегда приходила во время. Нам проводили интересные обучения, со временем ты реально прокачиваешься. Хорошая система мотивации отличного качества работы - рост в своей должности с прибавкой зп. Есть возможность перейти на другую должность. Раз в несколько месяцев проводились собеседования. Попробовать как то избегать поздних, даже редких смен, для сотрудников, которые изначально хотели работать днём (сейчас может уже правила другие). То же с зарплатой, сейчас скорее всего она выше, ведь в компании есть индексация. Ответ представителя компании Апрель 2026",positive,"Преобладают командный дух, своевременная зарплата, обучение, мотивация и рост.",да,совпадает
84,4.5,positive,"Отношение кураторов, во многом помогают и идут навстречу Заработок зависит от себя и от своего умения разговаривать Обучение для новых работников и первые дни можно выдавать простых клиентов для закрепления порядка действий, а во второй рабочий день оформлять страховку на авто, такое себе Ответ представителя компании Июнь 2026",positive,"Общий тон положительный: кураторы помогают, доход зависит от себя; замечания по обучению частные.",да,совпадает
85,5.0,positive,"Желаю, чтобы банк продолжал развиваться и улучшать условия труда для сотрудников, не прекращал слышать сотрудников. Можно подумать в сторону бесплатных сбалансированных ПП-обедов. Ответ представителя компании Май 2026",positive,"Текст в целом благожелательный, с пожеланием дальнейшего развития и улучшения условий.",да,совпадает
86,2.0,negative,условно свободный график возможность работать без определённого оклада убрать нарушения добавить отпуск повысить зарплату прислушиваться к обратной связи Ответ представителя компании Февраль 2026,negative,"Плюсы минимальны, основной смысл — убрать нарушения, добавить отпуск, повысить зарплату и слушать обратную связь.",да,совпадает
87,5.0,positive,"Самая большая ценность для меня на этой работе - коллектив. Не готова была обнаружить в отделе взыскания крупного банка такую человечность и дружелюбие со стороны коллег, но мы здесь настоящая опора друг для друга. Приятно работать в атмосфере взаимовыручки, когда в любую секунду можешь обсудить сложный диалог, получить совет или просто эмоциональную поддержку. Неформально встречаться вне работы получается редко, все работают на удаленке и всякий раз собраться в реале - это целый квест. Ответ представителя компании Январь 2026",positive,"Очень положительно описаны коллектив, человечность, поддержка и взаимовыручка.",да,совпадает
88,5.0,positive,"Начал работать сразу после школы, не смог сразу определиться в какой ВУЗ поступать, а сидеть на шее у родителей не захотел. Считаю, что максимально правильно сделал, так как за 2 года работы сумел разобраться в самом себе и понял, что мне интересно. Когда каждый день с таким огромным количеством людей сталкиваешься, изучаешь море теории, проходишь тренинги, то невольно про разные сферы жизни информацию получаешь. Так и понял, что мое - это инвестиции. Сейчас перешел в это направление в Т-Банке, очень интересно, хоть и сложно. Не все назначенные встречи состоялись, а это моя упущенная выгода по большому счету, ведь на каждой можно потенциально заработать, если получится продать. Ответ представителя компании Февраль 2026",positive,"Положительная оценка опыта, обучения, развития и перехода в новое направление; минус про несостоявшиеся встречи частный.",да,совпадает
89,4.5,positive,"Свобода в выборе графика (от 20 часов в неделю), любое время и любые дни, хоть пол часа утром и 3 часа вечером. Есть рост, хорошее отношение к сотрудникам, подарки на новый год (даже если нет детей). Было бы здорово получать больше 40ка тысяч спустя 4 месяца работы, даже после окончания стажировки. Ответ представителя компании Март 2026",positive,"Преобладают свобода графика, рост, хорошее отношение и подарки; пожелание по зарплате вторично.",да,совпадает
90,2.8,negative,"Комфортные условия труда, низкая нагрузка, лояльность, поддержка от руководства, возможность подобрать график работы из нескольких вариантов Низкая оплата труда, сложно продвигаться по карьерной лестнице, легко лишиться премии без которой зп низкая, малый учёт пожеланий по графику или предпочтительно му формату работы, маленькие перерывы, которые распределяют за тебя Ответ представителя компании Май 2026",mixed,"Много плюсов условий и поддержки, но также много существенных минусов по оплате, карьере, премии и графику.",нет,шумная/смешанная тональность
91,1.2,negative,"Ничего хорошего, нет ни одного плюса, даже не могу сказать что свободный график, потому что выбрать время выхода ты можешь любое, но чтобы зарабатывать хоть какие то деньги надо сидеть на линии 24/7 Зарплата три копейки, первые три месяца вообще без денег сидишь пока обучение и стажировка идут, преподносят как удаленку со свободным графиком, а по факту нельзя работать меньше чем 8 часов на 5/2 или 12 часов 2/2. А в остальное от работы время должен присутствовать на миллионах созвонов, а ему может не повезти с руководителем группы, и ничего с этим не сделаешь Ответ представителя компании Январь 2026",negative,"Резко негативный текст: низкая зарплата, несоответствие обещаний и фактического графика, много созвонов.",да,совпадает
92,2.5,negative,"Единственный плюс был в том, что работа была разьездная, без контроля руководителя Офис должен был находится,в ст Северская то есть в центре обслуживания районов, вместо этого офис находился в Яблоновском на квартире работника банка, нарушая регламент правил банка Ответ представителя компании Май 2026",negative,Единственный плюс — разъездная работа; основной смысл — нарушение организации офиса и регламентов.,да,совпадает
93,2.0,negative,"Ранее было все хорошо и все делали для сотрудников по ГПХ, а щас все испортилось и все представители убегают от туда при первой же возможности Уменьшить штрафные санкции и меньше выставлять нарушения. Изменить систему мотивации в лучшую сторону , а не вычитать за все подряд. Ответ представителя компании Май 2026",negative,"Автор пишет, что раньше было хорошо, но сейчас всё испортилось из-за штрафов и мотивации.",да,совпадает
94,2.3,negative,"Свободный график, интересные задания, самообучаемость, отсутствие руководства. Престиж профессии Систему оплаты, штрафы, гибкость, отношение в коллективе, помощь профессионалов, бонусы для представителей Ответ представителя компании Март 2026",mixed,"Есть несколько плюсов работы, но значимые проблемы касаются оплаты, штрафов, гибкости и поддержки.",нет,шумная/смешанная тональность
95,5.0,positive,"Нет проблемы получить повышение, если нормально работаешь. Я никогда не стремилась к карьерному росту, честно говоря. Но меня на второй год работы уже повысили до ведущего оператора. То есть не обязательно ходить и выпрашивать повышения, достаточно просто себя показывать с лучшей стороны. Чтобы при повышении больше росла зарплата, чтобы была мотивация расти. Ответ представителя компании Май 2026",positive,Положительно описан карьерный рост и повышение; пожелание по зарплате при повышении вторично.,да,совпадает
96,1.7,negative,"Обучение было достаточно углубленное и компетентное, а кроме этого добавить, как сожалению, больше нечего Рабочее место, коллектив, условия труда на то время, руководство, вечные технические накладки, которыми ты расплачиваешься своим же kpi, выполнение kpi, которое во многом зависит от руководителя, а не от твоего индивидуального показателя. Нет никакой клиентоориентированости, сплошное впаривание. Ответ представителя компании Июнь 2026",negative,"После плюса обучения идёт сильная критика условий, руководства, технических проблем и KPI.",да,совпадает
97,2.8,negative,"заработок зависит от продаж, сам себе по сути начальник - удобно что можешь и к клиенту приехать и по делам одновременно штрафы которые прилетают за все подряд достали, сильно большие штрафы минимум трешка и стабильно два раза в месяц, а то и больше приходит как бы ты не работал, ушел от работы так как пришло 54 т р штрафом не хотел выплачивать и ушел Полезный отзыв Это полезный отзыв 5 Ссылка на отзыв Этот отзыв без ответа Ответить от лица компании Москва, Май 2026",negative,"Есть плюсы самостоятельности и заработка от продаж, но основной акцент на больших штрафах и уходе из-за них.",да,совпадает
98,4.7,positive,"Все вопросы решаются очень быстро, т.к. работа удаленная, все через ПК. Есть супер возможность карьерного роста-все зависит только от тебя. График работы сделать 3/3 и в свои выходные ТОЛЬКО отдыхать. Сделать оценивание сотрудника более лояльным. Ответ представителя компании Апрель 2026",positive,Преобладают быстрые решения и карьерный рост; пожелания по графику и оценке не доминируют.,да,совпадает
99,1.3,negative,"Особо ничего, есть крп которые по кд выносят мозги, самое нормальное пообщаться с коллегами на насущную тему штрафов Да там все полностью переработать надо: штрафы за всякую ересь по поводу и без, взаимодействие с вышестоящими коллегами, отпускные и тд честно - работа недостаток, ужасный корпоративный строй компании Ответ представителя компании Январь 2026",negative,"Текст резко негативный: штрафы, взаимодействие с руководством, отпускные и корпоративное устройство.",да,совпадает
100,1.0,negative,"Неплохая зп для регионов. Офиц трудоустройство. Автоматизированая стстема на первых этапах Автоматику чтобы проверяли люди. И не отказывать людям с плохой кредитной историей,или у кого есть долги. Люди идут на работу, чтобы решить свои финансовые вопросы уак раз таки) Ответ представителя компании Январь 2026",mixed,"Есть положительные стороны: зарплата, оформление и автоматизация, но есть недовольство автоматикой и правилами отказов.",нет,шумная/смешанная тональность
